,price,highway-mpg,city-mpg,peak-rpm,horsepower,compression-ratio,stroke,bore,engine-size,num-of-cylinders,curb-weight,height,width,length,wheel-base,num-of-doors,normalized-losses,engine_efficiency,combined_mpg,engine_size_squared,horsepower_ordinal,engine_cylinders_interaction,fuel-system_1bbl,fuel-system_2bbl,fuel-system_4bbl,fuel-system_idi,fuel-system_mfi,fuel-system_mpfi,fuel-system_spdi,fuel-system_spfi,engine-type_dohc,engine-type_l,engine-type_ohc,engine-type_ohcf,engine-type_ohcv,engine-type_rotor,engine-location_front,engine-location_rear,drive-wheels_4wd,drive-wheels_fwd,drive-wheels_rwd,body-style_convertible,body-style_hardtop,body-style_hatchback,body-style_sedan,body-style_wagon,aspiration_std,aspiration_turbo,fuel-type_diesel,fuel-type_gas,make_alfa-romero,make_audi,make_bmw,make_chevrolet,make_dodge,make_honda,make_isuzu,make_jaguar,make_mazda,make_mercedes-benz,make_mercury,make_mitsubishi,make_nissan,make_peugot,make_plymouth,make_porsche,make_renault,make_saab,make_subaru,make_toyota,make_volkswagen,make_volvo
0,13495.0,27,21,5000.0,111.0,9.0,2.68,3.47,130,4,2548,48.8,64.1,168.8,88.6,2.0,115.0,0.8538461538461538,24.6,16900,2,520,False,False,False,False,False,True,False,False,True,False,False,False,False,False,True,False,False,False,True,True,False,False,False,False,True,False,False,True,True,False,False,False,False,False,False,False,False,False,False,False,False,False,False,False,False,False,False,False,False,False
1,16500.0,27,21,5000.0,111.0,9.0,2.68,3.47,130,4,2548,48.8,64.1,168.8,88.6,2.0,115.0,0.8538461538461538,24.6,16900,2,520,False,False,False,False,False,True,False,False,True,False,False,False,False,False,True,False,False,False,True,True,False,False,False,False,True,False,False,True,True,False,False,False,False,False,False,False,False,False,False,False,False,False,False,False,False,False,False,False,False,False
2,16500.0,26,19,5000.0,154.0,9.0,3.47,2.68,152,6,2823,52.4,65.5,171.2,94.5,2.0,115.0,1.013157894736842,23.2,23104,2,912,False,False,False,False,False,True,False,False,False,False,False,False,True,False,True,False,False,False,True,False,False,True,False,False,True,False,False,True,True,False,False,False,False,False,False,False,False,False,False,False,False,False,False,False,False,False,False,False,False,False
3,13950.0,30,24,5500.0,102.0,10.0,3.4,3.19,109,4,2337,54.3,66.2,176.6,99.8,4.0,164.0,0.9357798165137615,27.6,11881,2,436,False,False,False,False,False,True,False,False,False,False,True,False,False,False,True,False,False,True,False,False,False,False,True,False,True,False,False,True,False,True,False,False,False,False,False,False,False,False,False,False,False,False,False,False,False,False,False,False,False,False
4,17450.0,22,18,5500.0,115.0,8.0,3.4,3.19,136,5,2824,54.3,66.4,176.6,99.4,4.0,164.0,0.8455882352941176,20.4,18496,2,680,False,False,False,False,False,True,False,False,False,False,True,False,False,False,True,False,True,False,False,False,False,False,True,False,True,False,False,True,False,True,False,False,False,False,False,False,False,False,False,False,False,False,False,False,False,False,False,False,False,False
5,15250.0,25,19,5500.0,110.0,8.5,3.4,3.19,136,5,2507,53.1,66.3,177.3,99.8,2.0,115.0,0.8088235294117647,22.6,18496,2,680,False,False,False,False,False,True,False,False,False,False,True,False,False,False,True,False,False,True,False,False,False,False,True,False,True,False,False,True,False,True,False,False,False,False,False,False,False,False,False,False,False,False,False,False,False,False,False,False,False,False
6,17710.0,25,19,5500.0,110.0,8.5,3.4,3.19,136,5,2844,55.7,71.4,192.7,105.8,4.0,158.0,0.8088235294117647,22.6,18496,2,680,False,False,False,False,False,True,False,False,False,False,True,False,False,False,True,False,False,True,False,False,False,False,True,False,True,False,False,True,False,True,False,False,False,False,False,False,False,False,False,False,False,False,False,False,False,False,False,False,False,False
7,18920.0,25,19,5500.0,110.0,8.5,3.4,3.19,136,5,2954,55.7,71.4,192.7,105.8,4.0,115.0,0.8088235294117647,22.6,18496,2,680,False,False,False,False,False,True,False,False,False,False,True,False,False,False,True,False,False,True,False,False,False,False,False,True,True,False,False,True,False,True,False,False,False,False,False,False,False,False,False,False,False,False,False,False,False,False,False,False,False,False
8,23875.0,20,17,5500.0,140.0,8.3,3.4,3.13,131,5,3086,55.9,71.4,192.7,105.8,4.0,158.0,1.0687022900763359,18.8,17161,2,655,False,False,False,False,False,True,False,False,False,False,True,False,False,False,True,False,False,True,False,False,False,False,True,False,False,True,False,True,False,True,False,False,False,False,False,False,False,False,False,False,False,False,False,False,False,False,False,False,False,False
10,16430.0,29,23,5800.0,101.0,8.8,2.8,3.5,108,4,2395,54.3,64.8,176.8,101.2,2.0,192.0,0.9351851851851852,26.6,11664,2,432,False,False,False,False,False,True,False,False,False,False,True,False,False,False,True,False,False,False,True,False,False,False,True,False,True,False,False,True,False,False,True,False,False,False,False,False,False,False,False,False,False,False,False,False,False,False,False,False,False,False
11,16925.0,29,23,5800.0,101.0,8.8,2.8,3.5,108,4,2395,54.3,64.8,176.8,101.2,4.0,192.0,0.9351851851851852,26.6,11664,2,432,False,False,False,False,False,True,False,False,False,False,True,False,False,False,True,False,False,False,True,False,False,False,True,False,True,False,False,True,False,False,True,False,False,False,False,False,False,False,False,False,False,False,False,False,False,False,False,False,False,False
12,20970.0,28,21,4250.0,121.0,9.0,3.19,3.31,164,6,2710,54.3,64.8,176.8,101.2,2.0,188.0,0.7378048780487805,25.200000000000003,26896,2,984,False,False,False,False,False,True,False,False,False,False,True,False,False,False,True,False,False,False,True,False,False,False,True,False,True,False,False,True,False,False,True,False,False,False,False,False,False,False,False,False,False,False,False,False,False,False,False,False,False,False
13,21105.0,28,21,4250.0,121.0,9.0,3.19,3.31,164,6,2765,54.3,64.8,176.8,101.2,4.0,188.0,0.7378048780487805,25.200000000000003,26896,2,984,False,False,False,False,False,True,False,False,False,False,True,False,False,False,True,False,False,False,True,False,False,False,True,False,True,False,False,True,False,False,True,False,False,False,False,False,False,False,False,False,False,False,False,False,False,False,False,False,False,False
14,24565.0,25,20,4250.0,121.0,9.0,3.19,3.31,164,6,3055,55.7,66.9,189.0,103.5,4.0,115.0,0.7378048780487805,23.0,26896,2,984,False,False,False,False,False,True,False,False,False,False,True,False,False,False,True,False,False,False,True,False,False,False,True,False,True,False,False,True,False,False,True,False,False,False,False,False,False,False,False,False,False,False,False,False,False,False,False,False,False,False
15,30760.0,22,16,5400.0,182.0,8.0,3.39,3.62,209,6,3230,55.7,66.9,189.0,103.5,4.0,115.0,0.8708133971291866,19.6,43681,2,1254,False,False,False,False,False,True,False,False,False,False,True,False,False,False,True,False,False,False,True,False,False,False,True,False,True,False,False,True,False,False,True,False,False,False,False,False,False,False,False,False,False,False,False,False,False,False,False,False,False,False
16,41315.0,22,16,5400.0,182.0,8.0,3.39,3.62,209,6,3380,53.7,67.9,193.8,103.5,2.0,115.0,0.8708133971291866,19.6,43681,2,1254,False,False,False,False,False,True,False,False,False,False,True,False,False,False,True,False,False,False,True,False,False,False,True,False,True,False,False,True,False,False,True,False,False,False,False,False,False,False,False,False,False,False,False,False,False,False,False,False,False,False
17,36880.0,20,15,5400.0,182.0,8.0,3.39,3.62,209,6,3505,56.3,70.9,197.0,110.0,4.0,115.0,0.8708133971291866,18.0,43681,2,1254,False,False,False,False,False,True,False,False,False,False,True,False,False,False,True,False,False,False,True,False,False,False,True,False,True,False,False,True,False,False,True,False,False,False,False,False,False,False,False,False,False,False,False,False,False,False,False,False,False,False
18,5151.0,53,47,5100.0,48.0,9.5,3.03,2.91,61,3,1488,53.2,60.3,141.1,88.4,2.0,121.0,0.7868852459016393,50.599999999999994,3721,1,183,False,True,False,False,False,False,False,False,False,True,False,False,False,False,True,False,False,True,False,False,False,True,False,False,True,False,False,True,False,False,False,True,False,False,False,False,False,False,False,False,False,False,False,False,False,False,False,False,False,False
19,6295.0,43,38,5400.0,70.0,9.6,3.11,3.03,90,4,1874,52.0,63.6,155.9,94.5,2.0,98.0,0.7777777777777778,41.0,8100,1,360,False,True,False,False,False,False,False,False,False,False,True,False,False,False,True,False,False,True,False,False,False,True,False,False,True,False,False,True,False,False,False,True,False,False,False,False,False,False,False,False,False,False,False,False,False,False,False,False,False,False
20,6575.0,43,38,5400.0,70.0,9.6,3.11,3.03,90,4,1909,52.0,63.6,158.8,94.5,4.0,81.0,0.7777777777777778,41.0,8100,1,360,False,True,False,False,False,False,False,False,False,False,True,False,False,False,True,False,False,True,False,False,False,False,True,False,True,False,False,True,False,False,False,True,False,False,False,False,False,False,False,False,False,False,False,False,False,False,False,False,False,False
21,5572.0,41,37,5500.0,68.0,9.41,3.23,2.97,90,4,1876,50.8,63.8,157.3,93.7,2.0,118.0,0.7555555555555555,39.4,8100,1,360,False,True,False,False,False,False,False,False,False,False,True,False,False,False,True,False,False,True,False,False,False,True,False,False,True,False,False,True,False,False,False,False,True,False,False,False,False,False,False,False,False,False,False,False,False,False,False,False,False,False
22,6377.0,38,31,5500.0,68.0,9.4,3.23,2.97,90,4,1876,50.8,63.8,157.3,93.7,2.0,118.0,0.7555555555555555,35.2,8100,1,360,False,True,False,False,False,False,False,False,False,False,True,False,False,False,True,False,False,True,False,False,False,True,False,False,True,False,False,True,False,False,False,False,True,False,False,False,False,False,False,False,False,False,False,False,False,False,False,False,False,False
23,7957.0,30,24,5500.0,102.0,7.6,3.39,3.03,98,4,2128,50.8,63.8,157.3,93.7,2.0,118.0,1.0408163265306123,27.6,9604,2,392,False,False,False,False,False,True,False,False,False,False,True,False,False,False,True,False,False,True,False,False,False,True,False,False,False,True,False,True,False,False,False,False,True,False,False,False,False,False,False,False,False,False,False,False,False,False,False,False,False,False
24,6229.0,38,31,5500.0,68.0,9.4,3.23,2.97,90,4,1967,50.6,63.8,157.3,93.7,4.0,148.0,0.7555555555555555,35.2,8100,1,360,False,True,False,False,False,False,False,False,False,False,True,False,False,False,True,False,False,True,False,False,False,True,False,False,True,False,False,True,False,False,False,False,True,False,False,False,False,False,False,False,False,False,False,False,False,False,False,False,False,False
25,6692.0,38,31,5500.0,68.0,9.4,3.23,2.97,90,4,1989,50.6,63.8,157.3,93.7,4.0,148.0,0.7555555555555555,35.2,8100,1,360,False,True,False,False,False,False,False,False,False,False,True,False,False,False,True,False,False,True,False,False,False,False,True,False,True,False,False,True,False,False,False,False,True,False,False,False,False,False,False,False,False,False,False,False,False,False,False,False,False,False
26,7609.0,38,31,5500.0,68.0,9.4,3.23,2.97,90,4,1989,50.6,63.8,157.3,93.7,4.0,148.0,0.7555555555555555,35.2,8100,1,360,False,True,False,False,False,False,False,False,False,False,True,False,False,False,True,False,False,True,False,False,False,False,True,False,True,False,False,True,False,False,False,False,True,False,False,False,False,False,False,False,False,False,False,False,False,False,False,False,False,False
27,8558.0,30,24,5500.0,102.0,7.6,3.39,3.03,98,4,2191,50.6,63.8,157.3,93.7,4.0,148.0,1.0408163265306123,27.6,9604,2,392,False,False,False,False,False,True,False,False,False,False,True,False,False,False,True,False,False,True,False,False,False,False,True,False,False,True,False,True,False,False,False,False,True,False,False,False,False,False,False,False,False,False,False,False,False,False,False,False,False,False
28,8921.0,30,24,5000.0,88.0,8.5,3.46,3.34,122,4,2535,59.8,64.6,174.6,103.3,4.0,110.0,0.7213114754098361,27.6,14884,1,488,False,True,False,False,False,False,False,False,False,False,True,False,False,False,True,False,False,True,False,False,False,False,False,True,True,False,False,True,False,False,False,False,True,False,False,False,False,False,False,False,False,False,False,False,False,False,False,False,False,False
29,12964.0,24,19,5000.0,145.0,7.0,3.9,3.6,156,4,2811,50.2,66.3,173.2,95.9,2.0,145.0,0.9294871794871795,22.0,24336,2,624,False,False,False,False,True,False,False,False,False,False,True,False,False,False,True,False,False,True,False,False,False,True,False,False,False,True,False,True,False,False,False,False,True,False,False,False,False,False,False,False,False,False,False,False,False,False,False,False,False,False
30,6479.0,54,49,4800.0,58.0,9.6,3.41,2.91,92,4,1713,50.8,63.9,144.6,86.6,2.0,137.0,0.6304347826086957,52.0,8464,1,368,True,False,False,False,False,False,False,False,False,False,True,False,False,False,True,False,False,True,False,False,False,True,False,False,True,False,False,True,False,False,False,False,False,True,False,False,False,False,False,False,False,False,False,False,False,False,False,False,False,False
31,6855.0,38,31,6000.0,76.0,9.2,3.41,2.91,92,4,1819,50.8,63.9,144.6,86.6,2.0,137.0,0.8260869565217391,35.2,8464,1,368,True,False,False,False,False,False,False,False,False,False,True,False,False,False,True,False,False,True,False,False,False,True,False,False,True,False,False,True,False,False,False,False,False,True,False,False,False,False,False,False,False,False,False,False,False,False,False,False,False,False
32,5399.0,42,38,5500.0,60.0,10.1,3.07,2.91,79,4,1837,52.6,64.0,150.0,93.7,2.0,101.0,0.759493670886076,40.4,6241,1,316,True,False,False,False,False,False,False,False,False,False,True,False,False,False,True,False,False,True,False,False,False,True,False,False,True,False,False,True,False,False,False,False,False,True,False,False,False,False,False,False,False,False,False,False,False,False,False,False,False,False
33,6529.0,34,30,6000.0,76.0,9.2,3.41,2.91,92,4,1940,52.6,64.0,150.0,93.7,2.0,101.0,0.8260869565217391,32.4,8464,1,368,True,False,False,False,False,False,False,False,False,False,True,False,False,False,True,False,False,True,False,False,False,True,False,False,True,False,False,True,False,False,False,False,False,True,False,False,False,False,False,False,False,False,False,False,False,False,False,False,False,False
34,7129.0,34,30,6000.0,76.0,9.2,3.41,2.91,92,4,1956,52.6,64.0,150.0,93.7,2.0,101.0,0.8260869565217391,32.4,8464,1,368,True,False,False,False,False,False,False,False,False,False,True,False,False,False,True,False,False,True,False,False,False,True,False,False,True,False,False,True,False,False,False,False,False,True,False,False,False,False,False,False,False,False,False,False,False,False,False,False,False,False
35,7295.0,34,30,6000.0,76.0,9.2,3.41,2.91,92,4,2010,54.5,64.0,163.4,96.5,4.0,110.0,0.8260869565217391,32.4,8464,1,368,True,False,False,False,False,False,False,False,False,False,True,False,False,False,True,False,False,True,False,False,False,False,True,False,True,False,False,True,False,False,False,False,False,True,False,False,False,False,False,False,False,False,False,False,False,False,False,False,False,False
36,7295.0,34,30,6000.0,76.0,9.2,3.41,2.92,92,4,2024,58.3,63.9,157.1,96.5,4.0,78.0,0.8260869565217391,32.4,8464,1,368,True,False,False,False,False,False,False,False,False,False,True,False,False,False,True,False,False,True,False,False,False,False,False,True,True,False,False,True,False,False,False,False,False,True,False,False,False,False,False,False,False,False,False,False,False,False,False,False,False,False
37,7895.0,33,27,5800.0,86.0,9.0,3.58,3.15,110,4,2236,53.3,65.2,167.5,96.5,2.0,106.0,0.7818181818181819,30.6,12100,1,440,True,False,False,False,False,False,False,False,False,False,True,False,False,False,True,False,False,True,False,False,False,True,False,False,True,False,False,True,False,False,False,False,False,True,False,False,False,False,False,False,False,False,False,False,False,False,False,False,False,False
38,9095.0,33,27,5800.0,86.0,9.0,3.58,3.15,110,4,2289,53.3,65.2,167.5,96.5,2.0,106.0,0.7818181818181819,30.6,12100,1,440,True,False,False,False,False,False,False,False,False,False,True,False,False,False,True,False,False,True,False,False,False,True,False,False,True,False,False,True,False,False,False,False,False,True,False,False,False,False,False,False,False,False,False,False,False,False,False,False,False,False
39,8845.0,33,27,5800.0,86.0,9.0,3.58,3.15,110,4,2304,54.1,65.2,175.4,96.5,4.0,85.0,0.7818181818181819,30.6,12100,1,440,True,False,False,False,False,False,False,False,False,False,True,False,False,False,True,False,False,True,False,False,False,False,True,False,True,False,False,True,False,False,False,False,False,True,False,False,False,False,False,False,False,False,False,False,False,False,False,False,False,False
40,10295.0,33,27,5800.0,86.0,9.0,3.58,3.15,110,4,2372,54.1,62.5,175.4,96.5,4.0,85.0,0.7818181818181819,30.6,12100,1,440,True,False,False,False,False,False,False,False,False,False,True,False,False,False,True,False,False,True,False,False,False,False,True,False,True,False,False,True,False,False,False,False,False,True,False,False,False,False,False,False,False,False,False,False,False,False,False,False,False,False
41,12945.0,28,24,5800.0,101.0,9.0,3.58,3.15,110,4,2465,54.1,65.2,175.4,96.5,4.0,85.0,0.9181818181818182,26.400000000000002,12100,2,440,False,False,False,False,False,True,False,False,False,False,True,False,False,False,True,False,False,True,False,False,False,False,True,False,True,False,False,True,False,False,False,False,False,True,False,False,False,False,False,False,False,False,False,False,False,False,False,False,False,False
42,10345.0,31,25,5500.0,100.0,9.1,3.58,3.15,110,4,2293,51.0,66.0,169.1,96.5,2.0,107.0,0.9090909090909091,28.599999999999998,12100,1,440,False,True,False,False,False,False,False,False,False,False,True,False,False,False,True,False,False,True,False,False,False,False,True,False,True,False,False,True,False,False,False,False,False,True,False,False,False,False,False,False,False,False,False,False,False,False,False,False,False,False
43,6785.0,29,24,4800.0,78.0,8.5,3.23,3.31,111,4,2337,53.5,61.8,170.7,94.3,4.0,115.0,0.7027027027027027,27.0,12321,1,444,False,True,False,False,False,False,False,False,False,False,True,False,False,False,True,False,False,False,True,False,False,False,True,False,True,False,False,True,False,False,False,False,False,False,True,False,False,False,False,False,False,False,False,False,False,False,False,False,False,False
46,11048.0,29,24,5000.0,90.0,9.2,3.23,3.43,119,4,2734,51.4,65.2,172.6,96.0,2.0,115.0,0.7563025210084033,27.0,14161,1,476,False,False,False,False,False,False,False,True,False,False,True,False,False,False,True,False,False,False,True,False,False,True,False,False,True,False,False,True,False,False,False,False,False,False,True,False,False,False,False,False,False,False,False,False,False,False,False,False,False,False
47,32250.0,19,15,4750.0,176.0,8.1,4.17,3.63,258,6,4066,52.8,69.6,199.6,113.0,4.0,145.0,0.6821705426356589,17.4,66564,2,1548,False,False,False,False,False,True,False,False,True,False,False,False,False,False,True,False,False,False,True,False,False,False,True,False,True,False,False,True,False,False,False,False,False,False,False,True,False,False,False,False,False,False,False,False,False,False,False,False,False,False
48,35550.0,19,15,4750.0,176.0,8.1,4.17,3.63,258,6,4066,52.8,69.6,199.6,113.0,4.0,115.0,0.6821705426356589,17.4,66564,2,1548,False,False,False,False,False,True,False,False,True,False,False,False,False,False,True,False,False,False,True,False,False,False,True,False,True,False,False,True,False,False,False,False,False,False,False,True,False,False,False,False,False,False,False,False,False,False,False,False,False,False
49,36000.0,17,13,5000.0,262.0,11.5,2.76,3.54,326,12,3950,47.8,70.6,191.7,102.0,2.0,115.0,0.803680981595092,15.399999999999999,106276,3,3912,False,False,False,False,False,True,False,False,False,False,False,False,True,False,True,False,False,False,True,False,False,False,True,False,True,False,False,True,False,False,False,False,False,False,False,True,False,False,False,False,False,False,False,False,False,False,False,False,False,False
50,5195.0,31,30,5000.0,68.0,9.0,3.15,3.03,91,4,1890,54.1,64.2,159.1,93.1,2.0,104.0,0.7472527472527473,30.599999999999998,8281,1,364,False,True,False,False,False,False,False,False,False,False,True,False,False,False,True,False,False,True,False,False,False,True,False,False,True,False,False,True,False,False,False,False,False,False,False,False,True,False,False,False,False,False,False,False,False,False,False,False,False,False
51,6095.0,38,31,5000.0,68.0,9.0,3.15,3.03,91,4,1900,54.1,64.2,159.1,93.1,2.0,104.0,0.7472527472527473,35.2,8281,1,364,False,True,False,False,False,False,False,False,False,False,True,False,False,False,True,False,False,True,False,False,False,True,False,False,True,False,False,True,False,False,False,False,False,False,False,False,True,False,False,False,False,False,False,False,False,False,False,False,False,False
52,6795.0,38,31,5000.0,68.0,9.0,3.15,3.03,91,4,1905,54.1,64.2,159.1,93.1,2.0,104.0,0.7472527472527473,35.2,8281,1,364,False,True,False,False,False,False,False,False,False,False,True,False,False,False,True,False,False,True,False,False,False,True,False,False,True,False,False,True,False,False,False,False,False,False,False,False,True,False,False,False,False,False,False,False,False,False,False,False,False,False
53,6695.0,38,31,5000.0,68.0,9.0,3.15,3.03,91,4,1945,54.1,64.2,166.8,93.1,4.0,113.0,0.7472527472527473,35.2,8281,1,364,False,True,False,False,False,False,False,False,False,False,True,False,False,False,True,False,False,True,False,False,False,False,True,False,True,False,False,True,False,False,False,False,False,False,False,False,True,False,False,False,False,False,False,False,False,False,False,False,False,False
54,7395.0,38,31,5000.0,68.0,9.0,3.15,3.08,91,4,1950,54.1,64.2,166.8,93.1,4.0,113.0,0.7472527472527473,35.2,8281,1,364,False,True,False,False,False,False,False,False,False,False,True,False,False,False,True,False,False,True,False,False,False,False,True,False,True,False,False,True,False,False,False,False,False,False,False,False,True,False,False,False,False,False,False,False,False,False,False,False,False,False
55,10945.0,23,17,6000.0,101.0,9.4,3.29,3.31,70,2,2380,49.6,65.7,169.0,95.3,2.0,150.0,1.4428571428571428,20.6,4900,2,140,False,False,True,False,False,False,False,False,False,False,False,False,False,True,True,False,False,False,True,False,False,True,False,False,True,False,False,True,False,False,False,False,False,False,False,False,True,False,False,False,False,False,False,False,False,False,False,False,False,False
56,11845.0,23,17,6000.0,101.0,9.4,3.29,3.31,70,2,2380,49.6,65.7,169.0,95.3,2.0,150.0,1.4428571428571428,20.6,4900,2,140,False,False,True,False,False,False,False,False,False,False,False,False,False,True,True,False,False,False,True,False,False,True,False,False,True,False,False,True,False,False,False,False,False,False,False,False,True,False,False,False,False,False,False,False,False,False,False,False,False,False
57,13645.0,23,17,6000.0,101.0,9.4,3.29,3.31,70,2,2385,49.6,65.7,169.0,95.3,2.0,150.0,1.4428571428571428,20.6,4900,2,140,False,False,True,False,False,False,False,False,False,False,False,False,False,True,True,False,False,False,True,False,False,True,False,False,True,False,False,True,False,False,False,False,False,False,False,False,True,False,False,False,False,False,False,False,False,False,False,False,False,False
58,15645.0,23,16,6000.0,135.0,9.4,3.29,3.31,80,2,2500,49.6,65.7,169.0,95.3,2.0,150.0,1.6875,20.2,6400,2,160,False,False,False,False,False,True,False,False,False,False,False,False,False,True,True,False,False,False,True,False,False,True,False,False,True,False,False,True,False,False,False,False,False,False,False,False,True,False,False,False,False,False,False,False,False,False,False,False,False,False
59,8845.0,32,26,4800.0,84.0,8.6,3.39,3.39,122,4,2385,53.7,66.5,177.8,98.8,2.0,129.0,0.6885245901639344,29.6,14884,1,488,False,True,False,False,False,False,False,False,False,False,True,False,False,False,True,False,False,True,False,False,False,True,False,False,True,False,False,True,False,False,False,False,False,False,False,False,True,False,False,False,False,False,False,False,False,False,False,False,False,False
60,8495.0,32,26,4800.0,84.0,8.6,3.39,3.39,122,4,2410,55.5,66.5,177.8,98.8,4.0,115.0,0.6885245901639344,29.6,14884,1,488,False,True,False,False,False,False,False,False,False,False,True,False,False,False,True,False,False,True,False,False,False,False,True,False,True,False,False,True,False,False,False,False,False,False,False,False,True,False,False,False,False,False,False,False,False,False,False,False,False,False
61,10595.0,32,26,4800.0,84.0,8.6,3.39,3.39,122,4,2385,53.7,66.5,177.8,98.8,2.0,129.0,0.6885245901639344,29.6,14884,1,488,False,True,False,False,False,False,False,False,False,False,True,False,False,False,True,False,False,True,False,False,False,True,False,False,True,False,False,True,False,False,False,False,False,False,False,False,True,False,False,False,False,False,False,False,False,False,False,False,False,False
62,10245.0,32,26,4800.0,84.0,8.6,3.39,3.39,122,4,2410,55.5,66.5,177.8,98.8,4.0,115.0,0.6885245901639344,29.6,14884,1,488,False,True,False,False,False,False,False,False,False,False,True,False,False,False,True,False,False,True,False,False,False,False,True,False,True,False,False,True,False,False,False,False,False,False,False,False,True,False,False,False,False,False,False,False,False,False,False,False,False,False
63,10795.0,42,36,4650.0,64.0,22.7,3.39,3.39,122,4,2443,55.5,66.5,177.8,98.8,4.0,115.0,0.5245901639344263,39.6,14884,1,488,False,False,False,True,False,False,False,False,False,False,True,False,False,False,True,False,False,True,False,False,False,False,True,False,True,False,True,False,False,False,False,False,False,False,False,False,True,False,False,False,False,False,False,False,False,False,False,False,False,False
64,11245.0,32,26,4800.0,84.0,8.6,3.39,3.39,122,4,2425,55.5,66.5,177.8,98.8,4.0,115.0,0.6885245901639344,29.6,14884,1,488,False,True,False,False,False,False,False,False,False,False,True,False,False,False,True,False,False,True,False,False,False,True,False,False,True,False,False,True,False,False,False,False,False,False,False,False,True,False,False,False,False,False,False,False,False,False,False,False,False,False
65,18280.0,27,19,5000.0,120.0,8.0,3.16,3.76,140,4,2670,54.4,66.1,175.0,104.9,4.0,118.0,0.8571428571428571,23.8,19600,2,560,False,False,False,False,False,True,False,False,False,False,True,False,False,False,True,False,False,False,True,False,False,False,True,False,True,False,False,True,False,False,False,False,False,False,False,False,True,False,False,False,False,False,False,False,False,False,False,False,False,False
66,18344.0,39,31,4200.0,72.0,22.0,3.64,3.43,134,4,2700,54.4,66.1,175.0,104.9,4.0,115.0,0.5373134328358209,35.8,17956,1,536,False,False,False,True,False,False,False,False,False,False,True,False,False,False,True,False,False,False,True,False,False,False,True,False,True,False,True,False,False,False,False,False,False,False,False,False,True,False,False,False,False,False,False,False,False,False,False,False,False,False
67,25552.0,25,22,4350.0,123.0,21.5,3.64,3.58,183,5,3515,56.5,70.3,190.9,110.0,4.0,93.0,0.6721311475409836,23.8,33489,2,915,False,False,False,True,False,False,False,False,False,False,True,False,False,False,True,False,False,False,True,False,False,False,True,False,False,True,True,False,False,False,False,False,False,False,False,False,False,True,False,False,False,False,False,False,False,False,False,False,False,False
68,28248.0,25,22,4350.0,123.0,21.5,3.64,3.58,183,5,3750,58.7,70.3,190.9,110.0,4.0,93.0,0.6721311475409836,23.8,33489,2,915,False,False,False,True,False,False,False,False,False,False,True,False,False,False,True,False,False,False,True,False,False,False,False,True,False,True,True,False,False,False,False,False,False,False,False,False,False,True,False,False,False,False,False,False,False,False,False,False,False,False
69,28176.0,25,22,4350.0,123.0,21.5,3.64,3.58,183,5,3495,54.9,70.3,187.5,106.7,2.0,93.0,0.6721311475409836,23.8,33489,2,915,False,False,False,True,False,False,False,False,False,False,True,False,False,False,True,False,False,False,True,False,True,False,False,False,False,True,True,False,False,False,False,False,False,False,False,False,False,True,False,False,False,False,False,False,False,False,False,False,False,False
70,31600.0,25,22,4350.0,123.0,21.5,3.64,3.58,183,5,3770,56.3,71.7,202.6,115.6,4.0,93.0,0.6721311475409836,23.8,33489,2,915,False,False,False,True,False,False,False,False,False,False,True,False,False,False,True,False,False,False,True,False,False,False,True,False,False,True,True,False,False,False,False,False,False,False,False,False,False,True,False,False,False,False,False,False,False,False,False,False,False,False
71,34184.0,18,16,4750.0,155.0,8.3,3.1,3.46,234,8,3740,56.5,71.7,202.6,115.6,4.0,115.0,0.6623931623931624,17.2,54756,2,1872,False,False,False,False,False,True,False,False,False,False,False,False,True,False,True,False,False,False,True,False,False,False,True,False,True,False,False,True,False,False,False,False,False,False,False,False,False,True,False,False,False,False,False,False,False,False,False,False,False,False
72,35056.0,18,16,4750.0,155.0,8.3,3.1,3.46,234,8,3685,50.8,70.5,180.3,96.6,2.0,142.0,0.6623931623931624,17.2,54756,2,1872,False,False,False,False,False,True,False,False,False,False,False,False,True,False,True,False,False,False,True,True,False,False,False,False,True,False,False,True,False,False,False,False,False,False,False,False,False,True,False,False,False,False,False,False,False,False,False,False,False,False
73,40960.0,16,14,4500.0,184.0,8.0,3.35,3.8,308,8,3900,56.7,71.7,208.1,120.9,4.0,115.0,0.5974025974025974,15.2,94864,2,2464,False,False,False,False,False,True,False,False,False,False,False,False,True,False,True,False,False,False,True,False,False,False,True,False,True,False,False,True,False,False,False,False,False,False,False,False,False,True,False,False,False,False,False,False,False,False,False,False,False,False
74,45400.0,16,14,4500.0,184.0,8.0,3.35,3.8,304,8,3715,55.4,72.0,199.2,112.0,2.0,115.0,0.6052631578947368,15.2,92416,2,2432,False,False,False,False,False,True,False,False,False,False,False,False,True,False,True,False,False,False,True,False,True,False,False,False,True,False,False,True,False,False,False,False,False,False,False,False,False,True,False,False,False,False,False,False,False,False,False,False,False,False
75,16503.0,24,19,5000.0,175.0,8.0,3.12,3.78,140,4,2910,54.8,68.0,178.4,102.7,2.0,115.0,1.25,22.0,19600,2,560,False,False,False,False,False,True,False,False,False,False,True,False,False,False,True,False,False,False,True,False,False,True,False,False,False,True,False,True,False,False,False,False,False,False,False,False,False,False,True,False,False,False,False,False,False,False,False,False,False,False
76,5389.0,41,37,5500.0,68.0,9.4,3.23,2.97,92,4,1918,50.8,64.4,157.3,93.7,2.0,161.0,0.7391304347826086,39.4,8464,1,368,False,True,False,False,False,False,False,False,False,False,True,False,False,False,True,False,False,True,False,False,False,True,False,False,True,False,False,True,False,False,False,False,False,False,False,False,False,False,False,True,False,False,False,False,False,False,False,False,False,False
77,6189.0,38,31,5500.0,68.0,9.4,3.23,2.97,92,4,1944,50.8,64.4,157.3,93.7,2.0,161.0,0.7391304347826086,35.2,8464,1,368,False,True,False,False,False,False,False,False,False,False,True,False,False,False,True,False,False,True,False,False,False,True,False,False,True,False,False,True,False,False,False,False,False,False,False,False,False,False,False,True,False,False,False,False,False,False,False,False,False,False
78,6669.0,38,31,5500.0,68.0,9.4,3.23,2.97,92,4,2004,50.8,64.4,157.3,93.7,2.0,161.0,0.7391304347826086,35.2,8464,1,368,False,True,False,False,False,False,False,False,False,False,True,False,False,False,True,False,False,True,False,False,False,True,False,False,True,False,False,True,False,False,False,False,False,False,False,False,False,False,False,True,False,False,False,False,False,False,False,False,False,False
79,7689.0,30,24,5500.0,102.0,7.6,3.39,3.03,98,4,2145,50.8,63.8,157.3,93.0,2.0,161.0,1.0408163265306123,27.6,9604,2,392,False,False,False,False,False,False,True,False,False,False,True,False,False,False,True,False,False,True,False,False,False,True,False,False,False,True,False,True,False,False,False,False,False,False,False,False,False,False,False,True,False,False,False,False,False,False,False,False,False,False
80,9959.0,30,23,5500.0,116.0,7.5,3.46,3.17,110,4,2370,49.4,65.4,173.0,96.3,2.0,153.0,1.0545454545454545,27.200000000000003,12100,2,440,False,False,False,False,False,False,True,False,False,False,True,False,False,False,True,False,False,True,False,False,False,True,False,False,False,True,False,True,False,False,False,False,False,False,False,False,False,False,False,True,False,False,False,False,False,False,False,False,False,False
81,8499.0,32,25,5000.0,88.0,8.5,3.46,3.35,122,4,2328,49.4,65.4,173.0,96.3,2.0,153.0,0.7213114754098361,29.2,14884,1,488,False,True,False,False,False,False,False,False,False,False,True,False,False,False,True,False,False,True,False,False,False,True,False,False,True,False,False,True,False,False,False,False,False,False,False,False,False,False,False,True,False,False,False,False,False,False,False,False,False,False
82,12629.0,24,19,5000.0,145.0,7.0,3.86,3.58,156,4,2833,50.2,66.3,173.2,95.9,2.0,115.0,0.9294871794871795,22.0,24336,2,624,False,False,False,False,False,False,True,False,False,False,True,False,False,False,True,False,False,True,False,False,False,True,False,False,False,True,False,True,False,False,False,False,False,False,False,False,False,False,False,True,False,False,False,False,False,False,False,False,False,False
83,14869.0,24,19,5000.0,145.0,7.0,3.86,3.59,156,4,2921,50.2,66.3,173.2,95.9,2.0,115.0,0.9294871794871795,22.0,24336,2,624,False,False,False,False,False,False,True,False,False,False,True,False,False,False,True,False,False,True,False,False,False,True,False,False,False,True,False,True,False,False,False,False,False,False,False,False,False,False,False,True,False,False,False,False,False,False,False,False,False,False
84,14489.0,24,19,5000.0,145.0,7.0,3.86,3.59,156,4,2926,50.2,66.3,173.2,95.9,2.0,115.0,0.9294871794871795,22.0,24336,2,624,False,False,False,False,False,False,True,False,False,False,True,False,False,False,True,False,False,True,False,False,False,True,False,False,False,True,False,True,False,False,False,False,False,False,False,False,False,False,False,True,False,False,False,False,False,False,False,False,False,False
85,6989.0,32,25,5000.0,88.0,8.5,3.46,3.35,122,4,2365,51.6,65.4,172.4,96.3,4.0,125.0,0.7213114754098361,29.2,14884,1,488,False,True,False,False,False,False,False,False,False,False,True,False,False,False,True,False,False,True,False,False,False,False,True,False,True,False,False,True,False,False,False,False,False,False,False,False,False,False,False,True,False,False,False,False,False,False,False,False,False,False
86,8189.0,32,25,5000.0,88.0,8.5,3.46,3.35,122,4,2405,51.6,65.4,172.4,96.3,4.0,125.0,0.7213114754098361,29.2,14884,1,488,False,True,False,False,False,False,False,False,False,False,True,False,False,False,True,False,False,True,False,False,False,False,True,False,True,False,False,True,False,False,False,False,False,False,False,False,False,False,False,True,False,False,False,False,False,False,False,False,False,False
87,9279.0,30,23,5500.0,116.0,7.5,3.46,3.17,110,4,2403,51.6,65.4,172.4,96.3,4.0,125.0,1.0545454545454545,27.200000000000003,12100,2,440,False,False,False,False,False,False,True,False,False,False,True,False,False,False,True,False,False,True,False,False,False,False,True,False,False,True,False,True,False,False,False,False,False,False,False,False,False,False,False,True,False,False,False,False,False,False,False,False,False,False
88,9279.0,30,23,5500.0,116.0,7.5,3.46,3.17,110,4,2403,51.6,65.4,172.4,96.3,4.0,137.0,1.0545454545454545,27.200000000000003,12100,2,440,False,False,False,False,False,False,True,False,False,False,True,False,False,False,True,False,False,True,False,False,False,False,True,False,True,False,False,True,False,False,False,False,False,False,False,False,False,False,False,True,False,False,False,False,False,False,False,False,False,False
89,5499.0,37,31,5200.0,69.0,9.4,3.29,3.15,97,4,1889,54.5,63.8,165.3,94.5,2.0,128.0,0.711340206185567,34.6,9409,1,388,False,True,False,False,False,False,False,False,False,False,True,False,False,False,True,False,False,True,False,False,False,False,True,False,True,False,False,True,False,False,False,False,False,False,False,False,False,False,False,False,True,False,False,False,False,False,False,False,False,False
90,7099.0,50,45,4800.0,55.0,21.9,3.47,2.99,103,4,2017,54.5,63.8,165.3,94.5,2.0,128.0,0.5339805825242718,48.0,10609,1,412,False,False,False,True,False,False,False,False,False,False,True,False,False,False,True,False,False,True,False,False,False,False,True,False,True,False,True,False,False,False,False,False,False,False,False,False,False,False,False,False,True,False,False,False,False,False,False,False,False,False
91,6649.0,37,31,5200.0,69.0,9.4,3.29,3.15,97,4,1918,54.5,63.8,165.3,94.5,2.0,128.0,0.711340206185567,34.6,9409,1,388,False,True,False,False,False,False,False,False,False,False,True,False,False,False,True,False,False,True,False,False,False,False,True,False,True,False,False,True,False,False,False,False,False,False,False,False,False,False,False,False,True,False,False,False,False,False,False,False,False,False
92,6849.0,37,31,5200.0,69.0,9.4,3.29,3.15,97,4,1938,54.5,63.8,165.3,94.5,4.0,122.0,0.711340206185567,34.6,9409,1,388,False,True,False,False,False,False,False,False,False,False,True,False,False,False,True,False,False,True,False,False,False,False,True,False,True,False,False,True,False,False,False,False,False,False,False,False,False,False,False,False,True,False,False,False,False,False,False,False,False,False
93,7349.0,37,31,5200.0,69.0,9.4,3.29,3.15,97,4,2024,53.5,63.8,170.2,94.5,4.0,103.0,0.711340206185567,34.6,9409,1,388,False,True,False,False,False,False,False,False,False,False,True,False,False,False,True,False,False,True,False,False,False,False,False,True,True,False,False,True,False,False,False,False,False,False,False,False,False,False,False,False,True,False,False,False,False,False,False,False,False,False
94,7299.0,37,31,5200.0,69.0,9.4,3.29,3.15,97,4,1951,54.5,63.8,165.3,94.5,2.0,128.0,0.711340206185567,34.6,9409,1,388,False,True,False,False,False,False,False,False,False,False,True,False,False,False,True,False,False,True,False,False,False,False,True,False,True,False,False,True,False,False,False,False,False,False,False,False,False,False,False,False,True,False,False,False,False,False,False,False,False,False
95,7799.0,37,31,5200.0,69.0,9.4,3.29,3.15,97,4,2028,53.3,63.8,165.6,94.5,2.0,128.0,0.711340206185567,34.6,9409,1,388,False,True,False,False,False,False,False,False,False,False,True,False,False,False,True,False,False,True,False,False,False,True,False,False,True,False,False,True,False,False,False,False,False,False,False,False,False,False,False,False,True,False,False,False,False,False,False,False,False,False
96,7499.0,37,31,5200.0,69.0,9.4,3.29,3.15,97,4,1971,54.5,63.8,165.3,94.5,4.0,122.0,0.711340206185567,34.6,9409,1,388,False,True,False,False,False,False,False,False,False,False,True,False,False,False,True,False,False,True,False,False,False,False,True,False,True,False,False,True,False,False,False,False,False,False,False,False,False,False,False,False,True,False,False,False,False,False,False,False,False,False
97,7999.0,37,31,5200.0,69.0,9.4,3.29,3.15,97,4,2037,53.5,63.8,170.2,94.5,4.0,103.0,0.711340206185567,34.6,9409,1,388,False,True,False,False,False,False,False,False,False,False,True,False,False,False,True,False,False,True,False,False,False,False,False,True,True,False,False,True,False,False,False,False,False,False,False,False,False,False,False,False,True,False,False,False,False,False,False,False,False,False
98,8249.0,37,31,5200.0,69.0,9.4,3.29,3.15,97,4,2008,53.3,63.8,162.4,95.1,2.0,168.0,0.711340206185567,34.6,9409,1,388,False,True,False,False,False,False,False,False,False,False,True,False,False,False,True,False,False,True,False,False,True,False,False,False,True,False,False,True,False,False,False,False,False,False,False,False,False,False,False,False,True,False,False,False,False,False,False,False,False,False
99,8949.0,34,27,5200.0,97.0,8.5,3.47,3.33,120,4,2324,54.7,65.2,173.4,97.2,4.0,106.0,0.8083333333333333,31.2,14400,1,480,False,True,False,False,False,False,False,False,False,False,True,False,False,False,True,False,False,True,False,False,False,True,False,False,True,False,False,True,False,False,False,False,False,False,False,False,False,False,False,False,True,False,False,False,False,False,False,False,False,False
100,9549.0,34,27,5200.0,97.0,8.5,3.47,3.33,120,4,2302,54.7,65.2,173.4,97.2,4.0,106.0,0.8083333333333333,31.2,14400,1,480,False,True,False,False,False,False,False,False,False,False,True,False,False,False,True,False,False,True,False,False,False,False,True,False,True,False,False,True,False,False,False,False,False,False,False,False,False,False,False,False,True,False,False,False,False,False,False,False,False,False
101,13499.0,22,17,5200.0,152.0,9.0,3.27,3.43,181,6,3095,55.1,66.5,181.7,100.4,4.0,128.0,0.8397790055248618,20.0,32761,2,1086,False,False,False,False,False,True,False,False,False,False,False,False,True,False,True,False,False,True,False,False,False,False,True,False,True,False,False,True,False,False,False,False,False,False,False,False,False,False,False,False,True,False,False,False,False,False,False,False,False,False
102,14399.0,22,17,5200.0,152.0,9.0,3.27,3.43,181,6,3296,56.1,66.5,184.6,100.4,4.0,108.0,0.8397790055248618,20.0,32761,2,1086,False,False,False,False,False,True,False,False,False,False,False,False,True,False,True,False,False,True,False,False,False,False,False,True,True,False,False,True,False,False,False,False,False,False,False,False,False,False,False,False,True,False,False,False,False,False,False,False,False,False
103,13499.0,25,19,5200.0,152.0,9.0,3.27,3.43,181,6,3060,55.1,66.5,184.6,100.4,4.0,108.0,0.8397790055248618,22.6,32761,2,1086,False,False,False,False,False,True,False,False,False,False,False,False,True,False,True,False,False,True,False,False,False,False,True,False,True,False,False,True,False,False,False,False,False,False,False,False,False,False,False,False,True,False,False,False,False,False,False,False,False,False
104,17199.0,25,19,5200.0,160.0,9.0,3.27,3.43,181,6,3071,49.7,67.9,170.7,91.3,2.0,194.0,0.8839779005524862,22.6,32761,2,1086,False,False,False,False,False,True,False,False,False,False,False,False,True,False,True,False,False,False,True,False,False,True,False,False,True,False,False,True,False,False,False,False,False,False,False,False,False,False,False,False,True,False,False,False,False,False,False,False,False,False
105,19699.0,23,17,5200.0,200.0,7.8,3.27,3.43,181,6,3139,49.7,67.9,170.7,91.3,2.0,194.0,1.1049723756906078,20.6,32761,2,1086,False,False,False,False,False,True,False,False,False,False,False,False,True,False,True,False,False,False,True,False,False,True,False,False,False,True,False,True,False,False,False,False,False,False,False,False,False,False,False,False,True,False,False,False,False,False,False,False,False,False
106,18399.0,25,19,5200.0,160.0,9.0,3.27,3.43,181,6,3139,49.7,67.9,178.5,99.2,2.0,231.0,0.8839779005524862,22.6,32761,2,1086,False,False,False,False,False,True,False,False,False,False,False,False,True,False,True,False,False,False,True,False,False,True,False,False,True,False,False,True,False,False,False,False,False,False,False,False,False,False,False,False,True,False,False,False,False,False,False,False,False,False
107,11900.0,24,19,5000.0,97.0,8.4,3.19,3.46,120,4,3020,56.7,68.4,186.7,107.9,4.0,161.0,0.8083333333333333,22.0,14400,1,480,False,False,False,False,False,True,False,False,False,True,False,False,False,False,True,False,False,False,True,False,False,False,True,False,True,False,False,True,False,False,False,False,False,False,False,False,False,False,False,False,False,True,False,False,False,False,False,False,False,False
108,13200.0,33,28,4150.0,95.0,21.0,3.52,3.7,152,4,3197,56.7,68.4,186.7,107.9,4.0,161.0,0.625,31.0,23104,1,608,False,False,False,True,False,False,False,False,False,True,False,False,False,False,True,False,False,False,True,False,False,False,True,False,False,True,True,False,False,False,False,False,False,False,False,False,False,False,False,False,False,True,False,False,False,False,False,False,False,False
109,12440.0,24,19,5000.0,97.0,8.4,3.19,3.46,120,4,3230,58.7,68.4,198.9,114.2,4.0,115.0,0.8083333333333333,22.0,14400,1,480,False,False,False,False,False,True,False,False,False,True,False,False,False,False,True,False,False,False,True,False,False,False,False,True,True,False,False,True,False,False,False,False,False,False,False,False,False,False,False,False,False,True,False,False,False,False,False,False,False,False
110,13860.0,25,25,4150.0,95.0,21.0,3.52,3.7,152,4,3430,58.7,68.4,198.9,114.2,4.0,115.0,0.625,25.0,23104,1,608,False,False,False,True,False,False,False,False,False,True,False,False,False,False,True,False,False,False,True,False,False,False,False,True,False,True,True,False,False,False,False,False,False,False,False,False,False,False,False,False,False,True,False,False,False,False,False,False,False,False
111,15580.0,24,19,5000.0,95.0,8.4,2.19,3.46,120,4,3075,56.7,68.4,186.7,107.9,4.0,161.0,0.7916666666666666,22.0,14400,1,480,False,False,False,False,False,True,False,False,False,True,False,False,False,False,True,False,False,False,True,False,False,False,True,False,True,False,False,True,False,False,False,False,False,False,False,False,False,False,False,False,False,True,False,False,False,False,False,False,False,False
112,16900.0,33,28,4150.0,95.0,21.0,3.52,3.7,152,4,3252,56.7,68.4,186.7,107.9,4.0,161.0,0.625,31.0,23104,1,608,False,False,False,True,False,False,False,False,False,True,False,False,False,False,True,False,False,False,True,False,False,False,True,False,False,True,True,False,False,False,False,False,False,False,False,False,False,False,False,False,False,True,False,False,False,False,False,False,False,False
113,16695.0,24,19,5000.0,95.0,8.4,2.19,3.46,120,4,3285,56.7,68.4,198.9,114.2,4.0,115.0,0.7916666666666666,22.0,14400,1,480,False,False,False,False,False,True,False,False,False,True,False,False,False,False,True,False,False,False,True,False,False,False,False,True,True,False,False,True,False,False,False,False,False,False,False,False,False,False,False,False,False,True,False,False,False,False,False,False,False,False
114,17075.0,25,25,4150.0,95.0,21.0,3.52,3.7,152,4,3485,58.7,68.4,198.9,114.2,4.0,115.0,0.625,25.0,23104,1,608,False,False,False,True,False,False,False,False,False,True,False,False,False,False,True,False,False,False,True,False,False,False,False,True,False,True,True,False,False,False,False,False,False,False,False,False,False,False,False,False,False,True,False,False,False,False,False,False,False,False
115,16630.0,24,19,5000.0,97.0,8.4,3.19,3.46,120,4,3075,56.7,68.4,186.7,107.9,4.0,161.0,0.8083333333333333,22.0,14400,1,480,False,False,False,False,False,True,False,False,False,True,False,False,False,False,True,False,False,False,True,False,False,False,True,False,True,False,False,True,False,False,False,False,False,False,False,False,False,False,False,False,False,True,False,False,False,False,False,False,False,False
116,17950.0,33,28,4150.0,95.0,21.0,3.52,3.7,152,4,3252,56.7,68.4,186.7,107.9,4.0,161.0,0.625,31.0,23104,1,608,False,False,False,True,False,False,False,False,False,True,False,False,False,False,True,False,False,False,True,False,False,False,True,False,False,True,True,False,False,False,False,False,False,False,False,False,False,False,False,False,False,True,False,False,False,False,False,False,False,False
117,18150.0,24,18,5600.0,142.0,7.0,3.21,3.61,134,4,3130,56.0,68.3,186.7,108.0,4.0,161.0,1.0597014925373134,21.599999999999998,17956,2,536,False,False,False,False,False,True,False,False,False,True,False,False,False,False,True,False,False,False,True,False,False,False,True,False,False,True,False,True,False,False,False,False,False,False,False,False,False,False,False,False,False,True,False,False,False,False,False,False,False,False
118,5572.0,41,37,5500.0,68.0,9.4,3.23,2.97,90,4,1918,50.8,63.8,157.3,93.7,2.0,119.0,0.7555555555555555,39.4,8100,1,360,False,True,False,False,False,False,False,False,False,False,True,False,False,False,True,False,False,True,False,False,False,True,False,False,True,False,False,True,False,False,False,False,False,False,False,False,False,False,False,False,False,False,True,False,False,False,False,False,False,False
119,7957.0,30,24,5500.0,102.0,7.6,3.39,3.03,98,4,2128,50.8,63.8,157.3,93.7,2.0,119.0,1.0408163265306123,27.6,9604,2,392,False,False,False,False,False,False,True,False,False,False,True,False,False,False,True,False,False,True,False,False,False,True,False,False,False,True,False,True,False,False,False,False,False,False,False,False,False,False,False,False,False,False,True,False,False,False,False,False,False,False
120,6229.0,38,31,5500.0,68.0,9.4,3.23,2.97,90,4,1967,50.6,63.8,157.3,93.7,4.0,154.0,0.7555555555555555,35.2,8100,1,360,False,True,False,False,False,False,False,False,False,False,True,False,False,False,True,False,False,True,False,False,False,True,False,False,True,False,False,True,False,False,False,False,False,False,False,False,False,False,False,False,False,False,True,False,False,False,False,False,False,False
121,6692.0,38,31,5500.0,68.0,9.4,3.23,2.97,90,4,1989,50.8,63.8,167.3,93.7,4.0,154.0,0.7555555555555555,35.2,8100,1,360,False,True,False,False,False,False,False,False,False,False,True,False,False,False,True,False,False,True,False,False,False,False,True,False,True,False,False,True,False,False,False,False,False,False,False,False,False,False,False,False,False,False,True,False,False,False,False,False,False,False
122,7609.0,38,31,5500.0,68.0,9.4,3.23,2.97,98,4,2191,50.8,63.8,167.3,93.7,4.0,154.0,0.6938775510204082,35.2,9604,1,392,False,True,False,False,False,False,False,False,False,False,True,False,False,False,True,False,False,True,False,False,False,False,True,False,True,False,False,True,False,False,False,False,False,False,False,False,False,False,False,False,False,False,True,False,False,False,False,False,False,False
123,8921.0,30,24,5000.0,88.0,8.5,3.46,3.35,122,4,2535,59.8,64.6,174.6,103.3,4.0,74.0,0.7213114754098361,27.6,14884,1,488,False,True,False,False,False,False,False,False,False,False,True,False,False,False,True,False,False,True,False,False,False,False,False,True,True,False,False,True,False,False,False,False,False,False,False,False,False,False,False,False,False,False,True,False,False,False,False,False,False,False
124,12764.0,24,19,5000.0,145.0,7.0,3.86,3.59,156,4,2818,50.2,66.3,173.2,95.9,2.0,115.0,0.9294871794871795,22.0,24336,2,624,False,False,False,False,False,False,True,False,False,False,True,False,False,False,True,False,False,False,True,False,False,True,False,False,False,True,False,True,False,False,False,False,False,False,False,False,False,False,False,False,False,False,True,False,False,False,False,False,False,False
125,22018.0,27,19,5500.0,143.0,9.5,3.11,3.94,151,4,2778,50.2,68.3,168.9,94.5,2.0,186.0,0.9470198675496688,23.8,22801,2,604,False,False,False,False,False,True,False,False,False,False,True,False,False,False,True,False,False,False,True,False,False,True,False,False,True,False,False,True,False,False,False,False,False,False,False,False,False,False,False,False,False,False,False,True,False,False,False,False,False,False
126,32528.0,25,17,5900.0,207.0,9.5,2.9,3.74,194,6,2756,51.6,65.0,168.9,89.5,2.0,115.0,1.0670103092783505,21.8,37636,3,1164,False,False,False,False,False,True,False,False,False,False,False,True,False,False,False,True,False,False,True,False,True,False,False,False,True,False,False,True,False,False,False,False,False,False,False,False,False,False,False,False,False,False,False,True,False,False,False,False,False,False
127,34028.0,25,17,5900.0,207.0,9.5,2.9,3.74,194,6,2756,51.6,65.0,168.9,89.5,2.0,115.0,1.0670103092783505,21.8,37636,3,1164,False,False,False,False,False,True,False,False,False,False,False,True,False,False,False,True,False,False,True,False,True,False,False,False,True,False,False,True,False,False,False,False,False,False,False,False,False,False,False,False,False,False,False,True,False,False,False,False,False,False
128,37028.0,25,17,5900.0,207.0,9.5,2.9,3.74,194,6,2800,51.6,65.0,168.9,89.5,2.0,115.0,1.0670103092783505,21.8,37636,3,1164,False,False,False,False,False,True,False,False,False,False,False,True,False,False,False,True,False,False,True,True,False,False,False,False,True,False,False,True,False,False,False,False,False,False,False,False,False,False,False,False,False,False,False,True,False,False,False,False,False,False
130,9295.0,31,23,5200.0,95.0,8.7,3.9,3.46,132,4,2579,55.2,66.5,181.5,96.1,4.0,115.0,0.7196969696969697,27.799999999999997,17424,1,528,False,False,False,False,False,True,False,False,False,False,True,False,False,False,True,False,False,True,False,False,False,False,False,True,True,False,False,True,False,False,False,False,False,False,False,False,False,False,False,False,False,False,False,False,True,False,False,False,False,False
131,9895.0,31,23,5200.0,95.0,8.7,3.9,3.46,132,4,2460,50.5,66.6,176.8,96.1,2.0,115.0,0.7196969696969697,27.799999999999997,17424,1,528,False,False,False,False,False,True,False,False,False,False,True,False,False,False,True,False,False,True,False,False,False,True,False,False,True,False,False,True,False,False,False,False,False,False,False,False,False,False,False,False,False,False,False,False,True,False,False,False,False,False
132,11850.0,28,21,5250.0,110.0,9.31,3.07,3.54,121,4,2658,56.1,66.5,186.6,99.1,2.0,150.0,0.9090909090909091,25.200000000000003,14641,2,484,False,False,False,False,False,True,False,False,False,False,True,False,False,False,True,False,False,True,False,False,False,True,False,False,True,False,False,True,False,False,False,False,False,False,False,False,False,False,False,False,False,False,False,False,False,True,False,False,False,False
133,12170.0,28,21,5250.0,110.0,9.3,3.07,3.54,121,4,2695,56.1,66.5,186.6,99.1,4.0,104.0,0.9090909090909091,25.200000000000003,14641,2,484,False,False,False,False,False,True,False,False,False,False,True,False,False,False,True,False,False,True,False,False,False,False,True,False,True,False,False,True,False,False,False,False,False,False,False,False,False,False,False,False,False,False,False,False,False,True,False,False,False,False
134,15040.0,28,21,5250.0,110.0,9.3,2.07,2.54,121,4,2707,56.1,66.5,186.6,99.1,2.0,150.0,0.9090909090909091,25.200000000000003,14641,2,484,False,False,False,False,False,True,False,False,False,False,True,False,False,False,True,False,False,True,False,False,False,True,False,False,True,False,False,True,False,False,False,False,False,False,False,False,False,False,False,False,False,False,False,False,False,True,False,False,False,False
135,15510.0,28,21,5250.0,110.0,9.3,3.07,3.54,121,4,2758,56.1,66.5,186.6,99.1,4.0,104.0,0.9090909090909091,25.200000000000003,14641,2,484,False,False,False,False,False,True,False,False,False,False,True,False,False,False,True,False,False,True,False,False,False,False,True,False,True,False,False,True,False,False,False,False,False,False,False,False,False,False,False,False,False,False,False,False,False,True,False,False,False,False
136,18150.0,26,19,5500.0,160.0,9.0,3.07,3.54,121,4,2808,56.1,66.5,186.6,99.1,2.0,150.0,1.322314049586777,23.2,14641,2,484,False,False,False,False,False,True,False,False,True,False,False,False,False,False,True,False,False,True,False,False,False,True,False,False,False,True,False,True,False,False,False,False,False,False,False,False,False,False,False,False,False,False,False,False,False,True,False,False,False,False
137,18620.0,26,19,5500.0,160.0,9.0,3.07,3.54,121,4,2847,56.1,66.5,186.6,99.1,4.0,104.0,1.322314049586777,23.2,14641,2,484,False,False,False,False,False,True,False,False,True,False,False,False,False,False,True,False,False,True,False,False,False,False,True,False,False,True,False,True,False,False,False,False,False,False,False,False,False,False,False,False,False,False,False,False,False,True,False,False,False,False
138,5118.0,36,31,4900.0,69.0,9.0,2.36,3.62,97,4,2050,53.7,63.4,156.9,93.7,2.0,83.0,0.711340206185567,34.0,9409,1,388,False,True,False,False,False,False,False,False,False,False,False,True,False,False,True,False,False,True,False,False,False,True,False,False,True,False,False,True,False,False,False,False,False,False,False,False,False,False,False,False,False,False,False,False,False,False,True,False,False,False
139,7053.0,31,26,4400.0,73.0,8.7,2.64,3.62,108,4,2120,53.7,63.6,157.9,93.7,2.0,83.0,0.6759259259259259,29.0,11664,1,432,False,True,False,False,False,False,False,False,False,False,False,True,False,False,True,False,False,True,False,False,False,True,False,False,True,False,False,True,False,False,False,False,False,False,False,False,False,False,False,False,False,False,False,False,False,False,True,False,False,False
140,7603.0,31,26,4400.0,73.0,8.7,2.64,3.62,108,4,2240,55.7,63.8,157.3,93.3,2.0,83.0,0.6759259259259259,29.0,11664,1,432,False,True,False,False,False,False,False,False,False,False,False,True,False,False,True,False,True,False,False,False,False,True,False,False,True,False,False,True,False,False,False,False,False,False,False,False,False,False,False,False,False,False,False,False,False,False,True,False,False,False
141,7126.0,37,32,4800.0,82.0,9.5,2.64,3.62,108,4,2145,52.5,65.4,172.0,97.2,4.0,102.0,0.7592592592592593,35.0,11664,1,432,False,True,False,False,False,False,False,False,False,False,False,True,False,False,True,False,False,True,False,False,False,False,True,False,True,False,False,True,False,False,False,False,False,False,False,False,False,False,False,False,False,False,False,False,False,False,True,False,False,False
142,7775.0,33,28,4400.0,82.0,9.5,2.64,3.62,108,4,2190,52.5,65.4,172.0,97.2,4.0,102.0,0.7592592592592593,31.0,11664,1,432,False,True,False,False,False,False,False,False,False,False,False,True,False,False,True,False,False,True,False,False,False,False,True,False,True,False,False,True,False,False,False,False,False,False,False,False,False,False,False,False,False,False,False,False,False,False,True,False,False,False
143,9960.0,32,26,5200.0,94.0,9.0,2.64,3.62,108,4,2340,52.5,65.4,172.0,97.2,4.0,102.0,0.8703703703703703,29.6,11664,1,432,False,False,False,False,False,True,False,False,False,False,False,True,False,False,True,False,False,True,False,False,False,False,True,False,True,False,False,True,False,False,False,False,False,False,False,False,False,False,False,False,False,False,False,False,False,False,True,False,False,False
144,9233.0,25,24,4800.0,82.0,9.0,2.64,3.62,108,4,2385,54.3,65.4,172.0,97.0,4.0,102.0,0.7592592592592593,24.6,11664,1,432,False,True,False,False,False,False,False,False,False,False,False,True,False,False,True,False,True,False,False,False,False,False,True,False,True,False,False,True,False,False,False,False,False,False,False,False,False,False,False,False,False,False,False,False,False,False,True,False,False,False
145,11259.0,29,24,4800.0,111.0,7.7,2.64,3.62,108,4,2510,54.3,65.4,172.0,97.0,4.0,102.0,1.0277777777777777,27.0,11664,2,432,False,False,False,False,False,True,False,False,False,False,False,True,False,False,True,False,True,False,False,False,False,False,True,False,False,True,False,True,False,False,False,False,False,False,False,False,False,False,False,False,False,False,False,False,False,False,True,False,False,False
146,7463.0,32,28,4800.0,82.0,9.0,2.64,3.62,108,4,2290,53.0,65.4,173.5,97.0,4.0,89.0,0.7592592592592593,30.4,11664,1,432,False,True,False,False,False,False,False,False,False,False,False,True,False,False,True,False,False,True,False,False,False,False,False,True,True,False,False,True,False,False,False,False,False,False,False,False,False,False,False,False,False,False,False,False,False,False,True,False,False,False
147,10198.0,31,25,5200.0,94.0,9.0,2.64,3.62,108,4,2455,53.0,65.4,173.5,97.0,4.0,89.0,0.8703703703703703,28.599999999999998,11664,1,432,False,False,False,False,False,True,False,False,False,False,False,True,False,False,True,False,False,True,False,False,False,False,False,True,True,False,False,True,False,False,False,False,False,False,False,False,False,False,False,False,False,False,False,False,False,False,True,False,False,False
148,8013.0,29,23,4800.0,82.0,9.0,2.64,3.62,108,4,2420,54.9,65.4,173.6,96.9,4.0,85.0,0.7592592592592593,26.6,11664,1,432,False,True,False,False,False,False,False,False,False,False,False,True,False,False,True,False,True,False,False,False,False,False,False,True,True,False,False,True,False,False,False,False,False,False,False,False,False,False,False,False,False,False,False,False,False,False,True,False,False,False
149,11694.0,23,23,4800.0,111.0,7.7,2.64,3.62,108,4,2650,54.9,65.4,173.6,96.9,4.0,85.0,1.0277777777777777,23.0,11664,2,432,False,False,False,False,False,True,False,False,False,False,False,True,False,False,True,False,True,False,False,False,False,False,False,True,False,True,False,True,False,False,False,False,False,False,False,False,False,False,False,False,False,False,False,False,False,False,True,False,False,False
150,5348.0,39,35,4800.0,62.0,9.0,3.03,3.05,92,4,1985,54.5,63.6,158.7,95.7,2.0,87.0,0.6739130434782609,37.4,8464,1,368,False,True,False,False,False,False,False,False,False,False,True,False,False,False,True,False,False,True,False,False,False,True,False,False,True,False,False,True,False,False,False,False,False,False,False,False,False,False,False,False,False,False,False,False,False,False,False,True,False,False
151,6338.0,38,31,4800.0,62.0,9.0,3.03,3.05,92,4,2040,54.5,63.6,158.7,95.7,2.0,87.0,0.6739130434782609,35.2,8464,1,368,False,True,False,False,False,False,False,False,False,False,True,False,False,False,True,False,False,True,False,False,False,True,False,False,True,False,False,True,False,False,False,False,False,False,False,False,False,False,False,False,False,False,False,False,False,False,False,True,False,False
152,6488.0,38,31,4800.0,62.0,9.0,3.03,3.05,92,4,2015,54.5,63.6,158.7,95.7,4.0,74.0,0.6739130434782609,35.2,8464,1,368,False,True,False,False,False,False,False,False,False,False,True,False,False,False,True,False,False,True,False,False,False,True,False,False,True,False,False,True,False,False,False,False,False,False,False,False,False,False,False,False,False,False,False,False,False,False,False,True,False,False
153,6918.0,37,31,4800.0,62.0,9.0,3.03,3.05,92,4,2280,59.1,63.6,169.7,95.7,4.0,77.0,0.6739130434782609,34.6,8464,1,368,False,True,False,False,False,False,False,False,False,False,True,False,False,False,True,False,False,True,False,False,False,False,False,True,True,False,False,True,False,False,False,False,False,False,False,False,False,False,False,False,False,False,False,False,False,False,False,True,False,False
154,7898.0,32,27,4800.0,62.0,9.0,3.03,3.05,92,4,2290,59.1,63.6,169.7,95.7,4.0,81.0,0.6739130434782609,30.0,8464,1,368,False,True,False,False,False,False,False,False,False,False,True,False,False,False,True,False,True,False,False,False,False,False,False,True,True,False,False,True,False,False,False,False,False,False,False,False,False,False,False,False,False,False,False,False,False,False,False,True,False,False
155,8778.0,32,27,4800.0,62.0,9.0,3.03,3.05,92,4,3110,59.1,63.6,169.7,95.7,4.0,91.0,0.6739130434782609,30.0,8464,1,368,False,True,False,False,False,False,False,False,False,False,True,False,False,False,True,False,True,False,False,False,False,False,False,True,True,False,False,True,False,False,False,False,False,False,False,False,False,False,False,False,False,False,False,False,False,False,False,True,False,False
156,6938.0,37,30,4800.0,70.0,9.0,3.03,3.19,98,4,2081,53.0,64.4,166.3,95.7,4.0,91.0,0.7142857142857143,34.2,9604,1,392,False,True,False,False,False,False,False,False,False,False,True,False,False,False,True,False,False,True,False,False,False,False,True,False,True,False,False,True,False,False,False,False,False,False,False,False,False,False,False,False,False,False,False,False,False,False,False,True,False,False
157,7198.0,37,30,4800.0,70.0,9.0,3.03,3.19,98,4,2109,52.8,64.4,166.3,95.7,4.0,91.0,0.7142857142857143,34.2,9604,1,392,False,True,False,False,False,False,False,False,False,False,True,False,False,False,True,False,False,True,False,False,False,True,False,False,True,False,False,True,False,False,False,False,False,False,False,False,False,False,False,False,False,False,False,False,False,False,False,True,False,False
158,7898.0,36,34,4500.0,56.0,22.5,3.35,3.27,110,4,2275,53.0,64.4,166.3,95.7,4.0,91.0,0.509090909090909,35.2,12100,1,440,False,False,False,True,False,False,False,False,False,False,True,False,False,False,True,False,False,True,False,False,False,False,True,False,True,False,True,False,False,False,False,False,False,False,False,False,False,False,False,False,False,False,False,False,False,False,False,True,False,False
159,7788.0,47,38,4500.0,56.0,22.5,3.35,3.27,110,4,2275,52.8,64.4,166.3,95.7,4.0,91.0,0.509090909090909,43.4,12100,1,440,False,False,False,True,False,False,False,False,False,False,True,False,False,False,True,False,False,True,False,False,False,True,False,False,True,False,True,False,False,False,False,False,False,False,False,False,False,False,False,False,False,False,False,False,False,False,False,True,False,False
160,7738.0,47,38,4800.0,70.0,9.0,3.03,3.19,98,4,2094,53.0,64.4,166.3,95.7,4.0,91.0,0.7142857142857143,43.4,9604,1,392,False,True,False,False,False,False,False,False,False,False,True,False,False,False,True,False,False,True,False,False,False,False,True,False,True,False,False,True,False,False,False,False,False,False,False,False,False,False,False,False,False,False,False,False,False,False,False,True,False,False
161,8358.0,34,28,4800.0,70.0,9.0,3.03,3.19,98,4,2122,52.8,64.4,166.3,95.7,4.0,91.0,0.7142857142857143,31.6,9604,1,392,False,True,False,False,False,False,False,False,False,False,True,False,False,False,True,False,False,True,False,False,False,True,False,False,True,False,False,True,False,False,False,False,False,False,False,False,False,False,False,False,False,False,False,False,False,False,False,True,False,False
162,9258.0,34,28,4800.0,70.0,9.0,3.03,3.19,98,4,2140,52.8,64.4,166.3,95.7,4.0,91.0,0.7142857142857143,31.6,9604,1,392,False,True,False,False,False,False,False,False,False,False,True,False,False,False,True,False,False,True,False,False,False,False,True,False,True,False,False,True,False,False,False,False,False,False,False,False,False,False,False,False,False,False,False,False,False,False,False,True,False,False
163,8058.0,34,29,4800.0,70.0,9.0,3.03,3.19,98,4,2169,52.6,64.0,168.7,94.5,2.0,168.0,0.7142857142857143,32.0,9604,1,392,False,True,False,False,False,False,False,False,False,False,True,False,False,False,True,False,False,False,True,False,False,False,True,False,True,False,False,True,False,False,False,False,False,False,False,False,False,False,False,False,False,False,False,False,False,False,False,True,False,False
164,8238.0,34,29,4800.0,70.0,9.0,3.03,3.19,98,4,2204,52.6,64.0,168.7,94.5,2.0,168.0,0.7142857142857143,32.0,9604,1,392,False,True,False,False,False,False,False,False,False,False,True,False,False,False,True,False,False,False,True,False,False,True,False,False,True,False,False,True,False,False,False,False,False,False,False,False,False,False,False,False,False,False,False,False,False,False,False,True,False,False
165,9298.0,29,26,6600.0,112.0,9.4,3.08,3.24,98,4,2265,52.6,64.0,168.7,94.5,2.0,168.0,1.1428571428571428,27.799999999999997,9604,2,392,False,False,False,False,False,True,False,False,True,False,False,False,False,False,True,False,False,False,True,False,False,False,True,False,True,False,False,True,False,False,False,False,False,False,False,False,False,False,False,False,False,False,False,False,False,False,False,True,False,False
166,9538.0,29,26,6600.0,112.0,9.4,3.08,3.24,98,4,2300,52.6,64.0,168.7,94.5,2.0,168.0,1.1428571428571428,27.799999999999997,9604,2,392,False,False,False,False,False,True,False,False,True,False,False,False,False,False,True,False,False,False,True,False,False,True,False,False,True,False,False,True,False,False,False,False,False,False,False,False,False,False,False,False,False,False,False,False,False,False,False,True,False,False
167,8449.0,30,24,4800.0,116.0,9.3,3.5,3.62,146,4,2540,52.0,65.6,176.2,98.4,2.0,134.0,0.7945205479452054,27.6,21316,2,584,False,False,False,False,False,True,False,False,False,False,True,False,False,False,True,False,False,False,True,False,True,False,False,False,True,False,False,True,False,False,False,False,False,False,False,False,False,False,False,False,False,False,False,False,False,False,False,True,False,False
168,9639.0,30,24,4800.0,116.0,9.3,3.5,3.62,146,4,2536,52.0,65.6,176.2,98.4,2.0,134.0,0.7945205479452054,27.6,21316,2,584,False,False,False,False,False,True,False,False,False,False,True,False,False,False,True,False,False,False,True,False,True,False,False,False,True,False,False,True,False,False,False,False,False,False,False,False,False,False,False,False,False,False,False,False,False,False,False,True,False,False
169,9989.0,30,24,4800.0,116.0,9.3,3.5,3.62,146,4,2551,52.0,65.6,176.2,98.4,2.0,134.0,0.7945205479452054,27.6,21316,2,584,False,False,False,False,False,True,False,False,False,False,True,False,False,False,True,False,False,False,True,False,False,True,False,False,True,False,False,True,False,False,False,False,False,False,False,False,False,False,False,False,False,False,False,False,False,False,False,True,False,False
170,11199.0,30,24,4800.0,116.0,9.3,3.5,3.62,146,4,2679,52.0,65.6,176.2,98.4,2.0,134.0,0.7945205479452054,27.6,21316,2,584,False,False,False,False,False,True,False,False,False,False,True,False,False,False,True,False,False,False,True,False,True,False,False,False,True,False,False,True,False,False,False,False,False,False,False,False,False,False,False,False,False,False,False,False,False,False,False,True,False,False
171,11549.0,30,24,4800.0,116.0,9.3,3.5,3.62,146,4,2714,52.0,65.6,176.2,98.4,2.0,134.0,0.7945205479452054,27.6,21316,2,584,False,False,False,False,False,True,False,False,False,False,True,False,False,False,True,False,False,False,True,False,False,True,False,False,True,False,False,True,False,False,False,False,False,False,False,False,False,False,False,False,False,False,False,False,False,False,False,True,False,False
172,17669.0,30,24,4800.0,116.0,9.3,3.5,3.62,146,4,2975,53.0,65.6,176.2,98.4,2.0,134.0,0.7945205479452054,27.6,21316,2,584,False,False,False,False,False,True,False,False,False,False,True,False,False,False,True,False,False,False,True,True,False,False,False,False,True,False,False,True,False,False,False,False,False,False,False,False,False,False,False,False,False,False,False,False,False,False,False,True,False,False
173,8948.0,34,29,4200.0,92.0,8.7,3.54,3.31,122,4,2326,54.9,66.5,175.6,102.4,4.0,65.0,0.7540983606557377,32.0,14884,1,488,False,False,False,False,False,True,False,False,False,False,True,False,False,False,True,False,False,True,False,False,False,False,True,False,True,False,False,True,False,False,False,False,False,False,False,False,False,False,False,False,False,False,False,False,False,False,False,True,False,False
174,10698.0,33,30,4500.0,73.0,22.5,3.35,3.27,110,4,2480,54.9,66.5,175.6,102.4,4.0,65.0,0.6636363636363637,31.8,12100,1,440,False,False,False,True,False,False,False,False,False,False,True,False,False,False,True,False,False,True,False,False,False,False,True,False,False,True,True,False,False,False,False,False,False,False,False,False,False,False,False,False,False,False,False,False,False,False,False,True,False,False
175,9988.0,32,27,4200.0,92.0,8.7,3.54,3.31,122,4,2414,53.9,66.5,175.6,102.4,4.0,65.0,0.7540983606557377,30.0,14884,1,488,False,False,False,False,False,True,False,False,False,False,True,False,False,False,True,False,False,True,False,False,False,True,False,False,True,False,False,True,False,False,False,False,False,False,False,False,False,False,False,False,False,False,False,False,False,False,False,True,False,False
176,10898.0,32,27,4200.0,92.0,8.7,3.54,3.31,122,4,2414,54.9,66.5,175.6,102.4,4.0,65.0,0.7540983606557377,30.0,14884,1,488,False,False,False,False,False,True,False,False,False,False,True,False,False,False,True,False,False,True,False,False,False,False,True,False,True,False,False,True,False,False,False,False,False,False,False,False,False,False,False,False,False,False,False,False,False,False,False,True,False,False
177,11248.0,32,27,4200.0,92.0,8.7,3.54,3.31,122,4,2458,53.9,66.5,175.6,102.4,4.0,65.0,0.7540983606557377,30.0,14884,1,488,False,False,False,False,False,True,False,False,False,False,True,False,False,False,True,False,False,True,False,False,False,True,False,False,True,False,False,True,False,False,False,False,False,False,False,False,False,False,False,False,False,False,False,False,False,False,False,True,False,False
178,16558.0,24,20,5200.0,161.0,9.3,3.35,3.27,171,6,2976,52.0,67.7,183.5,102.9,2.0,197.0,0.9415204678362573,22.4,29241,2,1026,False,False,False,False,False,True,False,False,True,False,False,False,False,False,True,False,False,False,True,False,False,True,False,False,True,False,False,True,False,False,False,False,False,False,False,False,False,False,False,False,False,False,False,False,False,False,False,True,False,False
179,15998.0,24,19,5200.0,161.0,9.3,3.35,3.27,171,6,3016,52.0,67.7,183.5,102.9,2.0,197.0,0.9415204678362573,22.0,29241,2,1026,False,False,False,False,False,True,False,False,True,False,False,False,False,False,True,False,False,False,True,False,False,True,False,False,True,False,False,True,False,False,False,False,False,False,False,False,False,False,False,False,False,False,False,False,False,False,False,True,False,False
180,15690.0,24,20,5200.0,156.0,9.2,3.35,3.27,171,6,3131,54.1,66.5,187.8,104.5,4.0,90.0,0.9122807017543859,22.4,29241,2,1026,False,False,False,False,False,True,False,False,True,False,False,False,False,False,True,False,False,False,True,False,False,False,True,False,True,False,False,True,False,False,False,False,False,False,False,False,False,False,False,False,False,False,False,False,False,False,False,True,False,False
181,15750.0,24,19,5200.0,156.0,9.2,3.35,3.27,161,6,3151,54.1,66.5,187.8,104.5,4.0,115.0,0.968944099378882,22.0,25921,2,966,False,False,False,False,False,True,False,False,True,False,False,False,False,False,True,False,False,False,True,False,False,False,False,True,True,False,False,True,False,False,False,False,False,False,False,False,False,False,False,False,False,False,False,False,False,False,False,True,False,False
182,7775.0,46,37,4800.0,52.0,23.0,3.4,3.01,97,4,2261,55.7,65.5,171.7,97.3,2.0,122.0,0.5360824742268041,42.4,9409,1,388,False,False,False,True,False,False,False,False,False,False,True,False,False,False,True,False,False,True,False,False,False,False,True,False,True,False,True,False,False,False,False,False,False,False,False,False,False,False,False,False,False,False,False,False,False,False,False,False,True,False
183,7975.0,34,27,5250.0,85.0,9.0,3.4,3.19,109,4,2209,55.7,65.5,171.7,97.3,2.0,122.0,0.7798165137614679,31.2,11881,1,436,False,False,False,False,False,True,False,False,False,False,True,False,False,False,True,False,False,True,False,False,False,False,True,False,True,False,False,True,False,False,False,False,False,False,False,False,False,False,False,False,False,False,False,False,False,False,False,False,True,False
184,7995.0,46,37,4800.0,52.0,23.0,3.4,3.01,97,4,2264,55.7,65.5,171.7,97.3,4.0,94.0,0.5360824742268041,42.4,9409,1,388,False,False,False,True,False,False,False,False,False,False,True,False,False,False,True,False,False,True,False,False,False,False,True,False,True,False,True,False,False,False,False,False,False,False,False,False,False,False,False,False,False,False,False,False,False,False,False,False,True,False
185,8195.0,34,27,5250.0,85.0,9.0,3.4,3.19,109,4,2212,55.7,65.5,171.7,97.3,4.0,94.0,0.7798165137614679,31.2,11881,1,436,False,False,False,False,False,True,False,False,False,False,True,False,False,False,True,False,False,True,False,False,False,False,True,False,True,False,False,True,False,False,False,False,False,False,False,False,False,False,False,False,False,False,False,False,False,False,False,False,True,False
186,8495.0,34,27,5250.0,85.0,9.0,3.4,3.19,109,4,2275,55.7,65.5,171.7,97.3,4.0,94.0,0.7798165137614679,31.2,11881,1,436,False,False,False,False,False,True,False,False,False,False,True,False,False,False,True,False,False,True,False,False,False,False,True,False,True,False,False,True,False,False,False,False,False,False,False,False,False,False,False,False,False,False,False,False,False,False,False,False,True,False
187,9495.0,42,37,4500.0,68.0,23.0,3.4,3.01,97,4,2319,55.7,65.5,171.7,97.3,4.0,94.0,0.7010309278350515,40.0,9409,1,388,False,False,False,True,False,False,False,False,False,False,True,False,False,False,True,False,False,True,False,False,False,False,True,False,False,True,True,False,False,False,False,False,False,False,False,False,False,False,False,False,False,False,False,False,False,False,False,False,True,False
188,9995.0,32,26,5500.0,100.0,10.0,3.4,3.19,109,4,2300,55.7,65.5,171.7,97.3,4.0,94.0,0.9174311926605505,29.6,11881,1,436,False,False,False,False,False,True,False,False,False,False,True,False,False,False,True,False,False,True,False,False,False,False,True,False,True,False,False,True,False,False,False,False,False,False,False,False,False,False,False,False,False,False,False,False,False,False,False,False,True,False
189,11595.0,29,24,5500.0,90.0,8.5,3.4,3.19,109,4,2254,55.6,64.2,159.3,94.5,2.0,115.0,0.8256880733944955,27.0,11881,1,436,False,False,False,False,False,True,False,False,False,False,True,False,False,False,True,False,False,True,False,True,False,False,False,False,True,False,False,True,False,False,False,False,False,False,False,False,False,False,False,False,False,False,False,False,False,False,False,False,True,False
190,9980.0,29,24,5500.0,90.0,8.5,3.4,3.19,109,4,2221,51.4,64.0,165.7,94.5,2.0,256.0,0.8256880733944955,27.0,11881,1,436,False,False,False,False,False,True,False,False,False,False,True,False,False,False,True,False,False,True,False,False,False,True,False,False,True,False,False,True,False,False,False,False,False,False,False,False,False,False,False,False,False,False,False,False,False,False,False,False,True,False
191,13295.0,24,19,5500.0,110.0,8.5,3.4,3.19,136,5,2661,55.1,66.9,180.2,100.4,4.0,115.0,0.8088235294117647,22.0,18496,2,680,False,False,False,False,False,True,False,False,False,False,True,False,False,False,True,False,False,True,False,False,False,False,True,False,True,False,False,True,False,False,False,False,False,False,False,False,False,False,False,False,False,False,False,False,False,False,False,False,True,False
192,13845.0,38,33,4500.0,68.0,23.0,3.4,3.01,97,4,2579,55.1,66.9,180.2,100.4,4.0,115.0,0.7010309278350515,36.0,9409,1,388,False,False,False,True,False,False,False,False,False,False,True,False,False,False,True,False,False,True,False,False,False,False,True,False,False,True,True,False,False,False,False,False,False,False,False,False,False,False,False,False,False,False,False,False,False,False,False,False,True,False
193,12290.0,31,25,5500.0,88.0,9.0,3.4,3.19,109,4,2563,55.1,66.9,183.1,100.4,4.0,115.0,0.8073394495412844,28.599999999999998,11881,1,436,False,False,False,False,False,True,False,False,False,False,True,False,False,False,True,False,False,True,False,False,False,False,False,True,True,False,False,True,False,False,False,False,False,False,False,False,False,False,False,False,False,False,False,False,False,False,False,False,True,False
194,12940.0,28,23,5400.0,114.0,9.5,3.15,3.78,141,4,2912,56.2,67.2,188.8,104.3,4.0,103.0,0.8085106382978723,26.0,19881,2,564,False,False,False,False,False,True,False,False,False,False,True,False,False,False,True,False,False,False,True,False,False,False,True,False,True,False,False,True,False,False,False,False,False,False,False,False,False,False,False,False,False,False,False,False,False,False,False,False,False,True
195,13415.0,28,23,5400.0,114.0,9.5,3.15,3.78,141,4,3034,57.5,67.2,188.8,104.3,4.0,74.0,0.8085106382978723,26.0,19881,2,564,False,False,False,False,False,True,False,False,False,False,True,False,False,False,True,False,False,False,True,False,False,False,False,True,True,False,False,True,False,False,False,False,False,False,False,False,False,False,False,False,False,False,False,False,False,False,False,False,False,True
196,15985.0,28,24,5400.0,114.0,9.5,3.15,3.78,141,4,2935,56.2,67.2,188.8,104.3,4.0,103.0,0.8085106382978723,26.400000000000002,19881,2,564,False,False,False,False,False,True,False,False,False,False,True,False,False,False,True,False,False,False,True,False,False,False,True,False,True,False,False,True,False,False,False,False,False,False,False,False,False,False,False,False,False,False,False,False,False,False,False,False,False,True
197,16515.0,28,24,5400.0,114.0,9.5,3.15,3.78,141,4,3042,57.5,67.2,188.8,104.3,4.0,74.0,0.8085106382978723,26.400000000000002,19881,2,564,False,False,False,False,False,True,False,False,False,False,True,False,False,False,True,False,False,False,True,False,False,False,False,True,True,False,False,True,False,False,False,False,False,False,False,False,False,False,False,False,False,False,False,False,False,False,False,False,False,True
198,18420.0,22,17,5100.0,162.0,7.5,3.15,3.62,130,4,3045,56.2,67.2,188.8,104.3,4.0,103.0,1.2461538461538462,20.0,16900,2,520,False,False,False,False,False,True,False,False,False,False,True,False,False,False,True,False,False,False,True,False,False,False,True,False,False,True,False,True,False,False,False,False,False,False,False,False,False,False,False,False,False,False,False,False,False,False,False,False,False,True
199,18950.0,22,17,5100.0,162.0,7.5,3.15,3.62,130,4,3157,57.5,67.2,188.8,104.3,4.0,74.0,1.2461538461538462,20.0,16900,2,520,False,False,False,False,False,True,False,False,False,False,True,False,False,False,True,False,False,False,True,False,False,False,False,True,False,True,False,True,False,False,False,False,False,False,False,False,False,False,False,False,False,False,False,False,False,False,False,False,False,True
200,16845.0,28,23,5400.0,114.0,9.5,3.15,3.78,141,4,2952,55.5,68.9,188.8,109.1,4.0,95.0,0.8085106382978723,26.0,19881,2,564,False,False,False,False,False,True,False,False,False,False,True,False,False,False,True,False,False,False,True,False,False,False,True,False,True,False,False,True,False,False,False,False,False,False,False,False,False,False,False,False,False,False,False,False,False,False,False,False,False,True
201,19045.0,25,19,5300.0,160.0,8.7,3.15,3.78,141,4,3049,55.5,68.8,188.8,109.1,4.0,95.0,1.1347517730496455,22.6,19881,2,564,False,False,False,False,False,True,False,False,False,False,True,False,False,False,True,False,False,False,True,False,False,False,True,False,False,True,False,True,False,False,False,False,False,False,False,False,False,False,False,False,False,False,False,False,False,False,False,False,False,True
202,21485.0,23,18,5500.0,134.0,8.8,2.87,3.58,173,6,3012,55.5,68.9,188.8,109.1,4.0,95.0,0.7745664739884393,21.0,29929,2,1038,False,False,False,False,False,True,False,False,False,False,False,False,True,False,True,False,False,False,True,False,False,False,True,False,True,False,False,True,False,False,False,False,False,False,False,False,False,False,False,False,False,False,False,False,False,False,False,False,False,True
203,22470.0,27,26,4800.0,106.0,23.0,3.4,3.01,145,6,3217,55.5,68.9,188.8,109.1,4.0,95.0,0.7310344827586207,26.6,21025,2,870,False,False,False,True,False,False,False,False,False,False,True,False,False,False,True,False,False,False,True,False,False,False,True,False,False,True,True,False,False,False,False,False,False,False,False,False,False,False,False,False,False,False,False,False,False,False,False,False,False,True
204,22625.0,25,19,5400.0,114.0,9.5,3.15,3.78,141,4,3062,55.5,68.9,188.8,109.1,4.0,95.0,0.8085106382978723,22.6,19881,2,564,False,False,False,False,False,True,False,False,False,False,True,False,False,False,True,False,False,False,True,False,False,False,True,False,False,True,False,True,False,False,False,False,False,False,False,False,False,False,False,False,False,False,False,False,False,False,False,False,False,True
